param_penalty,param_C,param_solver,mean_test_score,std_test_score,rank_test_score,precision,recall,f1_score,accuracy,is_best_model
l2,0.1,lbfgs,0.7576132605683481,0.001795824269845124,5,0.9583936710801563,0.6779902940336854,0.7832968667565204,0.6779902940336854,False
l2,0.1,liblinear,0.7538450312705308,0.0018172465695505124,6,0.9583936710801563,0.6779902940336854,0.7832968667565204,0.6779902940336854,False
l2,1.0,lbfgs,0.7660961011406778,0.0024469824457180097,2,0.9583936710801563,0.6779902940336854,0.7832968667565204,0.6779902940336854,False
l2,1.0,liblinear,0.7633831474223718,0.002209062762845716,4,0.9583936710801563,0.6779902940336854,0.7832968667565204,0.6779902940336854,False
l2,10.0,lbfgs,0.7682309942525178,0.002598105338887596,1,0.9583936710801563,0.6779902940336854,0.7832968667565204,0.6779902940336854,True
l2,10.0,liblinear,0.765370550190941,0.0021964136456551838,3,0.9583936710801563,0.6779902940336854,0.7832968667565204,0.6779902940336854,False
