param_penalty,param_C,param_solver,mean_test_score,std_test_score,rank_test_score,precision,recall,f1_score,accuracy,is_best_model
l2,0.1,lbfgs,0.946674082409079,0.0010877049014697123,5,0.9868296844450466,0.9851606972588114,0.9856979548978939,0.9851606972588114,False
l2,0.1,liblinear,0.9438812207129808,0.0012943230595078598,6,0.9868296844450466,0.9851606972588114,0.9856979548978939,0.9851606972588114,False
l2,1.0,lbfgs,0.9538880751433216,0.0010694499446310003,3,0.9868296844450466,0.9851606972588114,0.9856979548978939,0.9851606972588114,False
l2,1.0,liblinear,0.9490550835554364,0.001154792681457253,4,0.9868296844450466,0.9851606972588114,0.9856979548978939,0.9851606972588114,False
l2,10.0,lbfgs,0.9627058668336692,0.0013723734250571796,1,0.9868296844450466,0.9851606972588114,0.9856979548978939,0.9851606972588114,True
l2,10.0,liblinear,0.9600934618412653,0.0013321170602944663,2,0.9868296844450466,0.9851606972588114,0.9856979548978939,0.9851606972588114,False
