param_C,param_kernel,mean_test_score,std_test_score,rank_test_score,precision,recall,f1_score,accuracy,is_best_model
1,linear,0.7664338950206687,0.002887356031366952,2,0.9538079988172403,0.7227519269197831,0.8142580603835476,0.7227519269197831,False
1,rbf,0.8568692073305995,0.0041524640575943995,1,0.9538079988172403,0.7227519269197831,0.8142580603835476,0.7227519269197831,True
